{
  "Real": {
    "precision": 0.8787878787878788,
    "recall": 0.8868501529051988,
    "f1-score": 0.882800608828006,
    "support": 1308.0
  },
  "Fake": {
    "precision": 0.8747884940778342,
    "recall": 0.8659966499162479,
    "f1-score": 0.8703703703703703,
    "support": 1194.0
  },
  "accuracy": 0.876898481215028,
  "macro avg": {
    "precision": 0.8767881864328565,
    "recall": 0.8764234014107233,
    "f1-score": 0.8765854895991883,
    "support": 2502.0
  },
  "weighted avg": {
    "precision": 0.8768792995137806,
    "recall": 0.876898481215028,
    "f1-score": 0.87686867248971,
    "support": 2502.0
  }
}